{
  "configuration": {
    "megamenuImage1": {
      "src": "/file/v6993165843598290703/general/Dogs_MegaMenu.jpg",
      "mediaName": "/general/Dogs_MegaMenu.jpg"
    },
    "megamenuImage2": {
      "src": "/file/v1852914636640640277/general/Cats_Mega-menu.jpg",
      "mediaName": "/general/Cats_Mega-menu.jpg"
    },
    "megamenuImage3": {
      "src": "/file/v5890677894089986104/collections/birds_menuimage.jpg",
      "mediaName": "/collections/birds_menuimage.jpg"
    },
    "megamenuImage4": {
      "src": "/file/v4564897484937363517/general/Brands_MegaMenu.jpg",
      "mediaName": "/general/Brands_MegaMenu.jpg"
    }
  },
  "displayName": "PetReDesign Megamenu Updated"
}