{
  "_meta": {
    "sources": [
      "loopback/models",
      "loopback/server/models",
      "../models",
      "./models"
    ],
    "mixins": [
      "loopback/common/mixins",
      "loopback/server/mixins",
      "../common/mixins",
      "./mixins"
    ]
  },
  "Inventory": {
    "dataSource": null,
    "public": true
  },
  "Product": {
    "dataSource": null,
    "public": true
  },
  "Order": {
    "dataSource": null,
    "public": true
  },
  "ReturnRequest": {
    "dataSource": null,
    "public": true
  },
  "SKU": {
    "dataSource": null,
    "public": true
  }
}