{
  "titleResourceId": "title",
  "properties": [
    {
      "defaultValue": "",
      "minLength": 1,
      "name": "loginURL",
      "id": "loginURL",
      "helpTextResourceId": "loginURLHelpText",
      "labelResourceId": "loginURLLabel",
      "type": "stringType",
      "required": true
    },
    {
      "defaultValue": "",
      "minLength": 1,
      "name": "userName",
      "id": "userName",
      "helpTextResourceId": "userNameHelpText",
      "labelResourceId": "userNameLabel",
      "type": "stringType",
      "required": true
    },
    {
      "defaultValue": "",
      "minLength": 1,
      "name": "password",
      "id": "password",
      "helpTextResourceId": "passwordHelpText",
      "labelResourceId": "passwordLabel",
      "type": "stringType",
      "required": true
    },
    {
      "defaultValue": "",
      "minLength": 1,
      "name": "returnReason",
      "id": "returnReason",
      "helpTextResourceId": "returnReasonHelpText",
      "labelResourceId": "returnReasonLabel",
      "type": "stringType",
      "required": true
    },
    {
      "defaultValue": "",
      "minLength": 1,
      "name": "returnPostURL",
      "id": "returnPostURL",
      "helpTextResourceId": "returnPostURLHelpText",
      "labelResourceId": "returnPostURLLabel",
      "type": "stringType",
      "required": true
    }
  ],
  "descriptionResourceId": "description"
}