{
  "shippingItemRelationshipStates": {
    "PARTIAL_BACK_ORDERED_SG": "We currently have __quantity__ item(s) in stock. The remaining stock will be filled at a later date as a back order.",
    "PENDING_SUBITEM_DELIVERY_SG": "The item is wait for dependent sub-items from inventory",
    "NO_ACTION_SG": "No action is taken on this item",
    "ITEM_NOT_FOUND_SG": "The item was not found in the inventory system",
    "PARTIAL_PRE_ORDERED_SG": "We currently have __quantity__ item(s) in stock. The remaining stock will be filled at a later date as a pre order.",
    "PENDING_RETURN_SG": "The item is pending a return request",
    "CANCEL_REQUESTED_SG": "The item is requested for cancellation as part of cancel order",
    "RETURNED_SG": "The item has been returned",
    "FAILED_SG": "The item has failed",
    "PENDING_SHIPMENT": "Pending Shipment",
    "RETURN_REQUESTED_SG": "The item is requested for return as part of cancel order",
    "OUT_OF_STOCK_SG": "The item was not available",
    "PRE_ORDERED_SG": "The item is currently not available in stock and has been pre ordered",
    "DISCONTINUED_SG": "The item has been discontinued",
    "INITIAL_SG": "The item has been initialized within the shipping group",
    "PENDING_DELIVERY_SG": "The item is ready for shipment",
    "PENDING_REMOVE_SG": "The item is pending a remove request",
    "DELIVERED_SG": "The item has been delivered",
    "BACK_ORDERED_SG": "The item is currently not available in stock and has been back ordered",
    "REMOVED_SG": "The item has been removed from the shipping group"
  },
  "purchaselist": {
    "purchaseListModalCreateList": "Create List",
    "CreateNewPurchaseListSuccessMsg": "The Purchase List has been created and your Product has been added",
    "CreateNewPurchaseListErrorMsg": "The Purchase List creation failed",
    "maxAllowedListNameLength": "Name should be less than 256 characters",
    "minQuantityCheck": "Quantity should be greater than 0",
    "newPurchaseListModalTitle": "Create a Purchase List",
    "productAddToPurchaseListText": "Add to Purchase List",
    "SuccessMsg": "__productname__ has been added to your __purchaselistname__",
    "myPurchaseListText": "My purchase lists",
    "purchaseListModalCancel": "Cancel",
    "listNameMandatoryText": "List Name is mandatory",
    "createNewPurchaseListText": "Create Purchase List",
    "validQuantityCheck": "Enter a valid quantity",
    "productAddError": "Select SKU options",
    "purchaseListNameText": "Purchase List Name",
    "emptyCheck": "Quantity should not be empty",
    "productAddedToPurchaseListText": "Added",
    "listNameText": "List Name",
    "successMsgPurchaseListName": "__purchaselistname__",
    "successMsgProductName": "__productname__ has been added to your "
  },
  "editOrder": {
    "fetchOrderDetailsFailedMessage": "Failed to retrieve order details for the created new order.",
    "editOrderErrorHeader": "Order Completion Failed.",
    "copyOrderFailureMessage": "Failed to create the new order from the edited order.",
    "initiateAmendFailed": "Initiate Edit Order Failed",
    "cancelOrderErrorHeader": " Order Cancellation Error"
  },
  "buttonLabels": {
    "continueText": "Continue",
    "buttonSave": "Save",
    "escapeKeyText": "esc",
    "buttonCancel": "Cancel",
    "yesText": "Yes",
    "cancelText": "Cancel",
    "noText": "No",
    "backLink": "Back",
    "closeText": "Close",
    "confirmText": "Confirm",
    "okText": "OK",
    "backLinkAltText": "Back to Previous Page"
  },
  "cancelOrder": {
    "cancelOrderSuccess": "Your order has been cancelled.",
    "cancelOrderFail": "Unable to cancel. Your order has not been cancelled.",
    "enterCancelReason": "Cancel Reason is mandatory."
  },
  "paymentGroupStates": {
    "AUTHORIZE_FAILED_PG": "The authorization failed",
    "PAYMENT_REQUEST_ACCEPTED_PG": "Payment request accepted",
    "SETTLED_PG": "The charges have been settled",
    "AUTHORIZED_PG": "The authorization succeeded",
    "INITIAL_PG": "The payment group has been initialized",
    "CREDIT_FAILED_PG": "The credit failed",
    "REMOVED_PG": "The payment group has been removed",
    "PENDING_AUTHORIZATION_PG": "Pending authorization",
    "PAYMENT_DEFERRED_PG": "Payment deferred",
    "SETTLE_FAILED_PG": "The fund settlement failed",
    "PAYMENT_REQUEST_FAILED_PG": "Payment request failed"
  },
  "dynamicProperties": {
    "additionalInfoText": "Additional Information",
    "internalProperties": "Internal Properties"
  },
  "onBehalfOf": {
    "shoppingAsText": "Shopping as",
    "brandLabel": "Commerce Cloud"
  },
  "cart": {
    "quantityNotFullyAllocated": "Cart item quantity not fully allocated to shipping groups.",
    "anonymousAccessControlError": "Please log in to the site with your user id and password.",
    "outOfStockMsg": "This item is no longer in stock. Remove item from your cart?",
    "availabilityDateText": "Available ",
    "backOrderText": "Back Ordered - ",
    "quantityAllocationExceeded": "Quantity of item allocated to shipping groups exceeds quantity of item in cart.",
    "productNameHasNext": "__productName__, ",
    "partialBackOrderMsg": "We currently have __stockLimit__ item(s) in stock. However, you can place an order now for the full quantity entered, and the remaining stock will be filled at a later date as a back order.",
    "volumePricedAddonError": "The following item(s) should be removed from your cart as they do not meet the pricing criteria: __productNames__.",
    "backOrderedText": "Item(s) Back Ordered",
    "freeProductText": "Free Product",
    "createOrderSiteLink": "New",
    "preOrderedText": "Item(s) Pre Ordered",
    "accountsCompleteOrderDetailText": "View Cart __count__ item - __currency____totalPrice__",
    "orderPricingPromotionError": "Please review your order. Items, or discounts applied, have changed since they were added to your order.",
    "configurableProductOutOfStockMsg": "Out of stock. You can either reconfigure or  remove this item.",
    "invalidShopperInputError": "The following item(s) should be removed from your cart as your selection no longer applies: __productName__.",
    "priceOrderBlockedText": "Order pricing call blocked since place order is in progress.",
    "completeOrderDetailTextInMixCurrency": "View Cart __count__ item - __primaryCurrencySymbol____totalPrimaryPrice__ + __secondaryCurrencySymbol____totalSecondaryPrice__",
    "insufficientStockMsg": "You can order a maximum of __stockLimit__ for this product.",
    "quantityNumericMsg": "Invalid entry. Please enter only numbers.",
    "preOrderText": "Pre Ordered - ",
    "AgentBackOrderedText": "__stockLimit__ Item(s) Back Ordered",
    "productPriceChanged": "This item's price has changed since it was added to your cart. Original price was: __currency____originalPrice__ ",
    "giftChoiceText": "You have qualified for a free gift. Please select your options below.",
    "cartSessionExpired": "Your session has expired due to inactivity. Please log in again",
    "quantityRequireMsg": "Quantity is required. ",
    "partialPreOrderMsg": "We currently have __stockLimit__ item(s) in stock. However, you can place an order now for the full quantity entered, and the remaining stock will be filled at a later date as a pre order.",
    "hiphenText": "-",
    "removeItemMsg": "Remove item from your cart?",
    "asteriskSymbol": "*",
    "AgentPreOrderedText": "__stockLimit__ Item(s) Pre Ordered",
    "removeItemFromCart": "Please remove from cart.",
    "invalidCartItemsError": "The following item(s) will be removed from your cart as they are no longer for sale: __productNames__.",
    "AgentBackorderableText": "__stockLimit__ Item(s) Backorderable",
    "noPrice": "This item is no longer valid. Please remove from cart.",
    "accountsCompleteOrderDetailText_plural": "View Cart __count__ items - __currency____totalPrice__",
    "configurableProductNoPrice": "__message__ You can either reconfigure or remove from cart.",
    "AgentPreorderableText": "__stockLimit__ Item(s) Preorderable",
    "giftCardUsedText": "Gift Card(s) used: "
  },
  "search": {
    "searchPlaceholder": "Enter your search text here.",
    "searchPageLoadedText": "Search results page loaded displaying __results__ for search term __searchTerm__",
    "searchDropdownClosedText": "Search results page closed.",
    "searchButtonText": "Search",
    "refinementValueText": "__dataLabel__ (__dataCount__)",
    "searchFailedText": "Unable to perform a search at this time.",
    "searchDropdownOpenedText": "Search results page is available.",
    "productresultsText": "(Showing __startIndex__ - __endIndex__ of __totalProducts__)",
    "searchLabel": "Search",
    "emptyProductresultsText": "Results: 0",
    "returnCodeLabel": "Return code",
    "noProductsFound": "0 SEARCH RESULTS FOR  \"__searchterm__\".",
    "searchText": "Showing Results for __searchTerm__ ",
    "noProductsFoundNoSearchTerm": "No products were found.",
    "priceUnavailable": "Price Unavailable",
    "searchresultsText": "(Showing __startIndex__ - __endIndex__ of __count__)",
    "noMatchesFound": "No Matches Found",
    "showAllResultsText": "Show all results >>",
    "noSearchResultsText": "0 SEARCH RESULTS FOR __searchTerm__"
  },
  "commerceItemStates": {
    "PRE_ORDERED_CI": "The item is preordered",
    "RETURN_REQUESTED_CI": "Return requested on the item",
    "PENDING_REMOVE_CI": "The item is pending remove request",
    "OUT_OF_STOCK_CI": "The item was not available",
    "REMOVED_CI": "The item has been removed",
    "DISCONTINUED_CI": "The item has been discontinued",
    "FAILED_CI": "The item has failed",
    "NO_ACTION_CI": "No action taken on the item",
    "BACK_ORDERED_CI": "The item is backordered",
    "ITEM_NOT_FOUND_CI": "The item was not found in the inventory system",
    "INITIAL_CI": "Added to order",
    "SUBITEM_PENDING_DELIVERY_CI": "The item is pending delivery",
    "CANCEL_REQUESTED_CI": "Cancel requested on the item"
  },
  "select2FormatNoMatches": "No matches found",
  "paymentMethods": {
    "physicalGiftCard": "Gift Card",
    "inStorePayment": "In Store Payment",
    "onlinePaymentGroup": "Online Payment",
    "default": "Default Payment",
    "invoiceRequest": "Invoice Payment",
    "tokenizedCreditCard": "Credit Card",
    "externalPaymentGroup": "External",
    "creditCard": "Credit Card",
    "giftCertificate": "Gift Certificate",
    "cash": "Cash Payment",
    "storeCredit": "Store Credit"
  },
  "orderStates": {
    "PENDING_REMOVE": "Pending removal",
    "ALL": "All",
    "PENDING_CUSTOMER_ACTION": "Pending customer action",
    "REJECTED_QUOTE": "This quote has been rejected",
    "INCOMPLETE_CANCEL": "Order being cancelled",
    "PROCESSING": "Being processed",
    "PENDING_MERCHANT_ACTION": "Pending merchant action",
    "AGENT_REJECTED": "Cancelled by agent",
    "FAILED_APPROVAL_TEMPLATE": "Scheduled Order Failed Approval",
    "FAILED": "Failed",
    "BEING_AMENDED": "Order being amended",
    "TEMPLATE": "Scheduled order template",
    "NO_PENDING_ACTION": "Fulfilled",
    "REMOVED": "Removed",
    "REJECTED": "Rejected",
    "PENDING_PAYMENT": "Pending payment",
    "QUOTED": "This order is a quote",
    "PENDING_QUOTE": "This quote is pending",
    "PENDING_CUSTOMER_RETURN": "Pending return from customer",
    "PENDING_APPROVAL_TEMPLATE": "Scheduled Order Pending Approval",
    "INCOMPLETE": "Incomplete",
    "QUOTE_REQUEST_FAILED": "Your quote request was unsuccessful.",
    "PENDING_PAYMENT_TEMPLATE": "Pending payment template",
    "PENDING_APPROVAL": "Pending approval",
    "RESERVED_INVENTORY_SG": "Inventory is reserved for the item",
    "QUEUED": "Submitted",
    "SUSPENDED": "Suspended",
    "PENDING_AGENT_APPROVAL": "Pending agent approval",
    "FAILED_APPROVAL": "Failed Approval",
    "SUBMITTED": "Submitted to fulfillment",
    "APPROVED": "Approved"
  },
  "checkout": {
    "orderTotalText": "Order Total",
    "giftCardPinText": "Gift Card PIN",
    "dynamicPropertyRequired": "__fieldName__ is required",
    "cityStatePostalCode": "__city__, __state__. __postalCode__",
    "paymentErrorMsg": "Error processing payment. Please try again.",
    "orderSubmissionFailed": "Order submission failed.",
    "selectShippingOptionsText": "Select your Shipping Method",
    "voidPaymentConfirmationPopUpText": "You are about to void an authorized payment, additional payments may be required. Are you sure you wish to proceed?",
    "processCompletionFailed": "Your order has not been placed at this time. Please try again.",
    "voidPaymentText": "Void Payment",
    "invalidProfileForCheckout": "You must log in before you can check out.",
    "orderCouponDisplayText": "__description__ __code__",
    "giftCardPinRequired": "Gift card Pin is mandatory.",
    "shippingAddressRequired": "Shipping1",
    "invalidShippingMethod": "Invalid shipping method specified.",
    "invalidOrderDetails": "There has been an error. Please check the shipping address",
    "itemNameText": "Name",
    "removeItemText": "Remove",
    "fetchingShippingMethodsText": "Fetching shipping methods for address",
    "noShippingMethodsText": "There are no shipping methods available for your destination address.",
    "salesTaxText": "Estimated Tax",
    "shippingMethodValueText": "__shippingMethod__:",
    "shippingDiscountText": "Shipping",
    "toBeChargedPaymentText": " to be charged to __type__ __number__",
    "OrderDiscountDesc": "* __discountDesc__",
    "paymentExpiredMsg": "Payment has been Expired. Please try again.",
    "paymentRemovedText": "Your payment has been removed.",
    "quantityText": "Quantity",
    "noShippingSelectedText": "No Shipping Method Selected.",
    "skuUnavailableText": "Sku is unavailable",
    "placeOrderRegisterWarnMsg": "Cannot place order before registering user",
    "removeCouponLinkReadText": "Remove Coupon",
    "shippingOptionsText": "Shipping Options",
    "shippingMethodText": "Shipping Method:",
    "discountText": "Discount(s):",
    "itemText": "Item",
    "reapplyGIftCards": "The gift card(s) you entered have not been applied to your order. Please enter your gift card(s) again.",
    "chargedPaymentText": " Charged to __type__ __number__",
    "orderCannotBeUpdatePendingPaymentText": "This order is locked. Any updates to it other than payment information will be discarded.",
    "selectShippingMethodText": "Select shipping method",
    "subtotalText": "Sub Total",
    "pricingError": "Unable to calculate shipping and tax costs. Please check your shipping address.",
    "invalidSKUError": "SKU does not exist. Enter a valid SKU.",
    "shipToText": "Ship to:",
    "paymentDeclinedMsg": "Payment has been Declined. Please try again.",
    "cityPostalCode": "__city__. __postalCode__",
    "fullName": "__firstName__ __lastName__",
    "giftCardNumberText": "Gift Card Number",
    "itemDetailsText": "Item Details",
    "paymentReversalFailed": "We cannot process your order due to a technical issue.",
    "invalidShippingAddress": "Invalid shipping address specified.",
    "placeHolderItemsErrorMsg": "You have not selected your free gift. You can return to the cart and select your free gift or proceed to checkout. Note: Proceeding to checkout removes any unselected free gifts from your cart and does not permit any further access to them.",
    "couponDisplayText": "*__description__ __code__",
    "itemTotalText": "Item Total",
    "giftCardNumberRequired": "Gift card Number is mandatory.",
    "shippingMethodsErrorMsg": "Please ensure you have completed all shipping fields and corrected any invalid entries.",
    "deductedPaymentText": " Deducted from __type__ Balance"
  },
  "userSsoLogin": {
    "ssoLoginLinkText": "Sign on through SSO"
  },
  "product": {
    "optionRequiredMsg": "__optionName__ required",
    "volumePriceTableSummaryText": "Volume pricing",
    "notifyDialogTitle": "Notify Me",
    "notifyInstructions": "Enter your email address below and we'll notify you if this item comes back in stock.",
    "configurableProductError": "You cannot add the following items from your order to the cart as you are required to choose configuration options: __displayName__ ",
    "optionHasNext": "$t(ns.common:resources.option),",
    "notifySuccess": "Thank you for your request. We will send you an email when it's back in stock.",
    "optionCaption": "Select __optionName__ ...",
    "optionLast": "$t(ns.common:resources.option)",
    "skuOutOfStockError": "__sku__ is out of stock.",
    "outOfStockError": "The following item(s) were not added to your cart as they are out of stock: __displayName__ ",
    "notifyMeText": "Email me when back in stock",
    "notifyOutOfStock": "This item is currently out of stock.",
    "volumePriceQuantitySeparator": "__min__ - __max__",
    "volumePriceQuantityGreater": "__min__+",
    "productNotFoundError": "The following item(s) were not added to your cart as they are no longer for sale: __displayName__ ",
    "noneOfTheItemsCanBeAdded": "None of the items in this order can be added to the cart.",
    "skuNotFoundError": "__sku__ not found",
    "configurationDetails": "Details",
    "notifyFailed": "Sorry, we are unable to process your request at this time.",
    "priceText": "Price",
    "option": "__optionName__: __optionValue__",
    "shippingSurchargeText": "Delivery Surcharge: "
  },
  "selfRegistrationRequest": {
    "requesterOrgText": "Related Existing Account",
    "registerText": "Register",
    "phoneNumberMandatoryText": "Phone Number is mandatory.",
    "requesterCommentMaxLengthText": "Requester's comment cannot be greater than 1000 characters.",
    "phoneNumberText": "Phone Number",
    "zipCodeText": "Zip/Postal Code",
    "companyNameText": "Company Name",
    "submitText": "Submit",
    "addressOneText": "Address 1",
    "receiveEmailText": "Receive Email",
    "requesterCommentText": "Requester's Comment",
    "stateMandatoryText": "State is mandatory.",
    "newBusinessAccountText": "Create a new business account",
    "zipCodeInvalid": "Invalid entry. Please enter a valid zip/postal code.",
    "countryText": "Country",
    "postalMandatoryText": "Zip/Postal Code is mandatory.",
    "countryMandatoryText": "Country is mandatory.",
    "phoneNumberInvalid": "Phone Number is invalid.",
    "accountNameText": "Account name",
    "approverCommentMaxLengthText": "Approver's comment cannot be greater than 1000 characters.",
    "invalidInput": "Invalid Input",
    "thankYouMessage": "Thank you for submitting a request for a new account. We will review your request and will notify you of the results via email. We will contact you if we need additional information.",
    "cityMandatoryText": "City is mandatory.",
    "registerNewAccountLinkText": "Register for an account",
    "thankYouText": "Thank You",
    "addressOneMandatoryText": "Address1 is mandatory.",
    "existingBusinessAccountText": "Join an existing business account",
    "stateText": "State/Province",
    "addressTwoText": "Address 2",
    "cityText": "City"
  },
  "social": {
    "socialFacebookShareProductDescriptionText": "Buy __productName__ [Your Store Name]",
    "socialFacebookShareWishlistDescriptionText": "Check out what __wishListOwnerFirstname__ __wishListOwnerLastname__ is interested in buying (or having bought as a gift!). Discover new products and more.",
    "socialFacebookShareWishlistTitleText": "See __wishListOwnerFirstname__'s __wishlistName__ wish list",
    "socialFacebookInviteMessageText": "Join __ownername__'s wish list. As a member, you can share ideas, add products and comments, and more!"
  },
  "userForgottenPassword": {
    "forgotPwdPart2": "You must update this the next time you log in.",
    "forgotPwdPart1": "Enter your email address to receive your new temporary password.",
    "emailCancelText": "Cancel",
    "accountIdText": "Account ID",
    "resendRequestText": "Resend Request",
    "forgotPwdMessage": "A new temporary password has been sent to your email address, along with reset password instructions.",
    "sendRequestText": "Send Request",
    "updatePasswordSuccessMessage": "Password successfully updated.",
    "updatePasswordErrorMessage": "There was an error while updating the password. Please try again.",
    "resetPasswordMessage": "Your reset password request has been sent. A new password link has been sent to your email account enabling you to sign in again.",
    "forgotPasswordHelpText": "Enter your email address to receive a secure link to reset your password.",
    "resetPwdText": "Reset Password",
    "updatePasswordText": "Update Password",
    "forgotPwdText": "Forgotten Password",
    "forgotPasswordLinkText": "Forgotten Password?",
    "emailPasswordText": "Email Password",
    "ssoLoginText": "Single Sign On"
  },
  "userDetails": {
    "wishlist": "Wish List",
    "emailAddressText": "Email Address",
    "forgottenPasswordModalClosedText": "Forgotten password page is closed.",
    "requiredText": "__label__ is mandatory.",
    "headercreateNewPassword": "Create New Password",
    "createNewPwdMessage": "Password successfully updated.",
    "emailAddressRequired": "Email Address is mandatory. ",
    "createNewPasswordModalOpenedText": "Create new password page is open.",
    "networkConnectivityError": "Some features have failed to load due to an internet connectivity problem. If this problem persists, try reloading the page.",
    "checkoutCreateAccountText": "By creating an account you will be able to shop faster, be up to date on an order's status, and keep track of the orders you have previously made.",
    "createNewPasswordError": "Your password has expired. Please update before logging in.",
    "welcome": "Welcome __userName__",
    "cityRequired": "City is mandatory.",
    "address1Text": "Address 1",
    "invalidOrganization": "Selected organization is not a valid organization for the logged in user.",
    "passwordText": "Password",
    "noAccountText": "Don't have an account?",
    "emailAddressInvalid": "Invalid entry. Please enter valid email address, for example, john@smith.com.",
    "accountAlreadyExists": "An account already exists for this email address. Please enter a different email address.",
    "lastNameRequired": "Last Name is mandatory. ",
    "lastNameText": "Last Name",
    "registrationModalClosedText": "Registration page is closed.",
    "firstNameRequired": "First Name is mandatory. ",
    "newConfirmPasswordText": "Confirm New Password",
    "filterText": "Search for an account",
    "confirmPasswordText": "Confirm Password",
    "marketingMailsText": "I want to get email updates.",
    "loginModalOpenedText": "Log in page is open.",
    "addressLine1Required": "Address1 is mandatory.",
    "maxlengthValidationMsg": "Invalid entry. Please do not exceed the maximum of __maxLength__ characters.",
    "loginLinkText": "Log In",
    "pickupDetailsErrorMsg": "Your pick up details must remain the same for each item being picked up at your chosen store.",
    "address2Text": "Address 2",
    "resetPasswordModalClosedText": "Reset password page is closed.",
    "updatePasswordModalOpenedText": "Update password page is open.",
    "companyNameRequiredText": "Company Name is mandatory.",
    "localeRequired": "Locale is mandatory. ",
    "oldPasswordsDoNotMatch": "Incorrect value for previous password.",
    "buttonCreateAccount": "Create Account",
    "phoneNumberRequiredText": "Phone Number is mandatory.",
    "buttonLogin": "Log In",
    "accountError": "There is a problem with your account, please contact your account administrator.",
    "emailInfoText": "This is how we'll send you your order confirmation and shipping updates.",
    "passwordUnmatched": "The passwords entered do not match, please try again. ",
    "companyNameRequired": "Company Name is mandatory. ",
    "headerCreateAccount": "Create an Account",
    "newPasswdText": "New Password",
    "titleError": "Error",
    "updatePasswordModalClosedText": "Update password page is closed.",
    "maxLengthEmailAdd": "Invalid entry. Please do not exceed the maximum of __maxLength__ characters",
    "titleLogin": "Log In",
    "passwordRequired": "Password is mandatory. ",
    "firstNameText": "First Name",
    "personalizationConsentText": "Show me relevant site content and promotions whilst browsing.",
    "registrationModalOpenedText": "Registration page is open.",
    "nickNameRequiredText": "Nick Name is mandatory.",
    "currentPasswordRequired": "Current Password is mandatory.",
    "createNewPasswordModalClosedText": "Create new password page is closed.",
    "forgottenPasswordModalOpenedText": "Forgotten password page is open.",
    "confirmPasswordRequired": "Please enter your password again. ",
    "createAccountText": "Create Account",
    "createAccountSuccess": "Your account has been created. Thanks for registering.",
    "loginModalClosedText": "Log in page is closed.",
    "updateSuccessMsg": "Update successfully saved.",
    "invalidText": "__label__ is invalid.",
    "loginRequired": "Login is mandatory. ",
    "logoutLinkText": "Log Out",
    "resetPasswordModalOpenedText": "Reset password page is open.",
    "loginError": "Log in unsuccessful. The details entered don't match our records, please try again.",
    "checkoutErrorMsg": "Please ensure you have completed all mandatory fields and corrected any invalid entries.",
    "reloadPage": "Reload",
    "myAccount": "My Account",
    "currentPasswordText": "Current Password"
  },
  "orderDetails": {
    "organizationDisaccoiatedErrorText": "User is not associated with Account __account__. No operations are allowed on this order.",
    "ordersListingErrorText": "ERROR",
    "organizationInactiveErrorText": "Account __account__ is currently inactive. No operations are allowed on this order.",
    "userNotAssociatedToAnyAccountText": "User is not associated with any account. No operations are allowed on this order.",
    "symbolAndAmountText": "__currencySymbol____amount__",
    "mixedCurrencyAmountText": "__primaryCurrencySymbol__ __primaryCurrencyAmount__+__secondaryCurrencySymbol____secondaryCurrencyAmount__",
    "orderNotAssociatedToAnyAccountText": "Order is not associated with any account. No operations are allowed on this order."
  },
  "storeText": {
    "goToPreviousPagePaginationSymbol": "<",
    "wishlistPageLoadedText": "Wishlist page is loaded.",
    "invalidOrderState": "Invalid order state.",
    "goToLastPagePaginationSymbol": ">>",
    "priceRangeText": "Price Range",
    "goToNextPagePaginationSymbol": ">",
    "septemberText": "September",
    "goToFirstPagePaginationSymbol": "<<",
    "customTextNotFound": "[Custom Text Missing]",
    "januaryText": "January",
    "marchText": "March",
    "novemberText": "November",
    "pageLoadedText": "__page__ is loaded.",
    "decemberText": "December",
    "removeConfigurableMsg": "Changing currency removes all configured items from your cart. Do you want to continue?",
    "augustText": "August",
    "loadingText": "Loading...",
    "productPageLoadedText": "Product details page for __product__ is loaded.",
    "mayText": "May",
    "categoryText": "Category",
    "aprilText": "April",
    "juneText": "June",
    "octoberText": "October",
    "julyText": "July",
    "februaryText": "February",
    "categoryPageLoadedText": "Collection page for __collection__ is loaded"
  },
  "infinity": {
    "publishableDataMissingText": "Some publishable data might be missing! Please publish data in the event as per OOTB format."
  },
  "miniCart": {
    "cartDropDownText_plural": "__count__",
    "miniCartOpenedText": "Mini shopping cart is open.",
    "freeProductText": "Free Product",
    "miniCartClosedText": "Mini shopping cart is closed.",
    "cartDropDownText": "__count__ "
  },
  "userPasswordPolicies": {
    "passwordPoliciesErrorText": "The password entered does not comply with the password policy. Please try again.",
    "embeddedAssistanceUseMixedCase": "contains upper and lower case characters",
    "embeddedAssistanceNotInPreviousNPasswords": "has not been previously used",
    "embeddedAssistancePreText": "You must ensure your password:",
    "embeddedAssistanceCannotUseUsernameText": "differs from your username",
    "embeddedAssistanceUseNumber": "includes a number",
    "embeddedAssistanceMinPasswordLengthText": "is at least __min__ characters long",
    "embeddedAssistanceUseSymbol": "includes one of the following symbol characters __chars__"
  },
  "return": {
    "minimumValueMsg": "Invalid quantity. Please enter 1 or more.",
    "noReturnableItem": "The items in your order are non-returnable",
    "invalidQuantityMsg": "Invalid Quantity",
    "someitemsDeleted": "Some items have been deleted.",
    "returnRequestFailed": "Your return request was unsuccessful.",
    "returnRequestSuccess": "Return request '__requestId__' Submitted. A email has been sent to '__emailId__'",
    "invalidQuantity": "Invalid quantity. More than __stockLimit__ is not allowed.",
    "itemOutOfStockMessage": "Selected item is out of stock",
    "invalidReturnQuantity": "The returned quantity of this item must be greater than zero and cannot exceed the original quantity ordered, or the original quantity ordered minus the quantity associated to any previous return requests.",
    "noItemSelectError": "You must select a return reason, and quantity, for at least one item.",
    "allitemssDeleted": "All the items in the order  have been deleted."
  }
}